AREA,PERIMETER,PR_,PR_ID,RINGS_OK,RINGS_NOK,PATH,ROW,MODE,SEQUENCE,WRSPR,PR,ACQDayL7,ACQDayL8
3.67783,7.9075,28,28,1,0,13,28,D,2260,013028,013028,1,9
3.58842,7.78504,29,29,1,0,13,29,D,2261,013029,013029,1,9
3.50545,7.67177,30,30,1,0,13,30,D,2262,013030,013030,1,9
3.42827,7.56683,31,31,1,0,13,31,D,2263,013031,013031,1,9
3.35638,7.46945,32,32,1,0,13,32,D,2264,013032,013032,1,9
3.28943,7.37898,33,33,1,0,13,33,D,2265,013033,013033,1,9
3.16907,7.21698,35,35,1,0,13,35,D,2267,013035,013035,1,9
3.11486,7.14428,36,36,1,0,13,36,D,2268,013036,013036,1,9
3.87776,8.18344,274,274,1,0,29,26,D,2506,029026,029026,1,9
3.77398,8.0399,275,275,1,0,29,27,D,2507,029027,029027,1,9
3.67789,7.90757,276,276,1,0,29,28,D,2508,029028,029028,1,9
3.58842,7.78504,277,277,1,0,29,29,D,2509,029029,029029,1,9
3.5056,7.67197,278,278,1,0,29,30,D,2510,029030,029030,1,9
3.42827,7.56683,279,279,1,0,29,31,D,2511,029031,029031,1,9
3.35644,7.46952,280,280,1,0,29,32,D,2512,029032,029032,1,9
3.28943,7.37898,281,281,1,0,29,33,D,2513,029033,029033,1,9
3.22689,7.29463,282,282,1,0,29,34,D,2514,029034,029034,1,9
3.1691,7.21707,283,283,1,0,29,35,D,2515,029035,029035,1,9
3.11456,7.14388,284,284,1,0,29,36,D,2516,029036,029036,1,9
3.06431,7.07666,285,285,1,0,29,37,D,2517,029037,029037,1,9
3.01764,7.01432,286,286,1,0,29,38,D,2518,029038,029038,1,9
2.97366,6.95568,287,287,1,0,29,39,D,2519,029039,029039,1,9
2.93301,6.90152,288,288,1,0,29,40,D,2520,029040,029040,1,9
3.87718,8.18263,522,522,1,0,45,26,D,2754,045026,045026,1,9
3.77487,8.04108,523,523,1,0,45,27,D,2755,045027,045027,1,9
3.67742,7.90698,524,524,1,0,45,28,D,2756,045028,045028,1,9
3.58803,7.78452,525,525,1,0,45,29,D,2757,045029,045029,1,9
3.50501,7.67126,526,526,1,0,45,30,D,2758,045030,045030,1,9
3.42826,7.56676,527,527,1,0,45,31,D,2759,045031,045031,1,9
3.35611,7.46912,528,528,1,0,45,32,D,2760,045032,045032,1,9
3.29036,7.38022,529,529,1,0,45,33,D,2761,045033,045033,1,9
3.22665,7.2943,530,530,1,0,45,34,D,2762,045034,045034,1,9
5.09703,9.93826,762,762,1,0,61,18,D,2994,061018,061018,1,9
4.89436,9.63686,763,763,1,0,61,19,D,2995,061019,061019,1,9
7.74491,14.25878,1002,1002,1,0,77,10,D,3234,077010,077010,1,9
7.26977,13.43508,1003,1003,1,0,77,11,D,3235,077011,077011,1,9
6.84788,12.71918,1004,1004,1,0,77,12,D,3236,077012,077012,1,9
6.47325,12.09713,1005,1005,1,0,77,13,D,3237,077013,077013,1,9
6.13738,11.55188,1006,1006,1,0,77,14,D,3238,077014,077014,1,9
5.83598,11.07248,1007,1007,1,0,77,15,D,3239,077015,077015,1,9
5.56414,10.6484,1008,1008,1,0,77,16,D,3240,077016,077016,1,9
5.31932,10.27308,1009,1009,1,0,77,17,D,3241,077017,077017,1,9
5.09607,9.93669,1010,1010,1,0,77,18,D,3242,077018,077018,1,9
2.72017,6.61963,47,47,1,0,4,47,D,5751,004047,004047,2,10
2.69882,6.59144,48,48,1,0,4,48,D,5752,004048,004048,2,10
3.67789,7.90757,276,276,1,0,20,28,D,5980,020028,020028,2,10
3.58842,7.78504,277,277,1,0,20,29,D,5981,020029,020029,2,10
3.50554,7.67191,278,278,1,0,20,30,D,5982,020030,020030,2,10
3.42821,7.56676,279,279,1,0,20,31,D,5983,020031,020031,2,10
3.35629,7.46932,280,280,1,0,20,32,D,5984,020032,020032,2,10
3.28952,7.37911,281,281,1,0,20,33,D,5985,020033,020033,2,10
3.22725,7.29513,282,282,1,0,20,34,D,5986,020034,020034,2,10
3.16904,7.21692,283,283,1,0,20,35,D,5987,020035,020035,2,10
3.11501,7.14448,284,284,1,0,20,36,D,5988,020036,020036,2,10
3.0645,7.07688,285,285,1,0,20,37,D,5989,020037,020037,2,10
3.0175,7.01407,286,286,1,0,20,38,D,5990,020038,020038,2,10
2.97367,6.95566,287,287,1,0,20,39,D,5991,020039,020039,2,10
3.87811,8.18402,522,522,1,0,36,26,D,6226,036026,036026,2,10
3.77338,8.0391,523,523,1,0,36,27,D,6227,036027,036027,2,10
3.67799,7.90764,524,524,1,0,36,28,D,6228,036028,036028,2,10
3.58803,7.78452,525,525,1,0,36,29,D,6229,036029,036029,2,10
3.5056,7.67191,526,526,1,0,36,30,D,6230,036030,036030,2,10
3.42767,7.5661,527,527,1,0,36,31,D,6231,036031,036031,2,10
3.35611,7.46912,528,528,1,0,36,32,D,6232,036032,036032,2,10
3.28886,7.37824,529,529,1,0,36,33,D,6233,036033,036033,2,10
3.22755,7.29556,530,530,1,0,36,34,D,6234,036034,036034,2,10
3.16928,7.2173,531,531,1,0,36,35,D,6235,036035,036035,2,10
3.11508,7.14451,532,532,1,0,36,36,D,6236,036036,036036,2,10
3.06357,7.07561,533,533,1,0,36,37,D,6237,036037,036037,2,10
3.01782,7.01455,534,534,1,0,36,38,D,6238,036038,036038,2,10
7.27013,13.43529,1003,1003,1,0,68,11,D,6707,068011,068011,2,10
6.47265,12.09568,1005,1005,1,0,68,13,D,6709,068013,068013,2,10
6.13738,11.55188,1006,1006,1,0,68,14,D,6710,068014,068014,2,10
5.83553,11.07218,1007,1007,1,0,68,15,D,6711,068015,068015,2,10
5.56414,10.6484,1008,1008,1,0,68,16,D,6712,068016,068016,2,10
5.31932,10.27303,1009,1009,1,0,68,17,D,6713,068017,068017,2,10
5.09607,9.93669,1010,1010,1,0,68,18,D,6714,068018,068018,2,10
4.8934,9.63538,1011,1011,1,0,68,19,D,6715,068019,068019,2,10
4.70892,9.36486,1012,1012,1,0,68,20,D,6716,068020,068020,2,10
2.66149,6.54228,1062,1062,1,0,68,70,D,6766,068070,068070,2,10
7.74459,14.25865,1250,1250,1,0,84,10,D,6954,084010,084010,2,10
3.77403,8.03996,27,27,1,0,11,27,D,9451,011027,011027,3,11
3.67783,7.9075,28,28,1,0,11,28,D,9452,011028,011028,3,11
3.58842,7.78504,29,29,1,0,11,29,D,9453,011029,011029,3,11
3.50545,7.67177,30,30,1,0,11,30,D,9454,011030,011030,3,11
3.42827,7.56683,31,31,1,0,11,31,D,9455,011031,011031,3,11
3.87785,8.18358,274,274,1,0,27,26,D,9698,027026,027026,3,11
3.77403,8.03996,275,275,1,0,27,27,D,9699,027027,027027,3,11
3.67783,7.9075,276,276,1,0,27,28,D,9700,027028,027028,3,11
3.58842,7.78504,277,277,1,0,27,29,D,9701,027029,027029,3,11
3.50545,7.67177,278,278,1,0,27,30,D,9702,027030,027030,3,11
3.42827,7.56683,279,279,1,0,27,31,D,9703,027031,027031,3,11
3.35638,7.46945,280,280,1,0,27,32,D,9704,027032,027032,3,11
3.28943,7.37898,281,281,1,0,27,33,D,9705,027033,027033,3,11
3.22731,7.2952,282,282,1,0,27,34,D,9706,027034,027034,3,11
3.16907,7.21698,283,283,1,0,27,35,D,9707,027035,027035,3,11
3.11486,7.14428,284,284,1,0,27,36,D,9708,027036,027036,3,11
3.06447,7.07683,285,285,1,0,27,37,D,9709,027037,027037,3,11
3.01744,7.014,286,286,1,0,27,38,D,9710,027038,027038,3,11
2.97367,6.95566,287,287,1,0,27,39,D,9711,027039,027039,3,11
2.93285,6.90135,288,288,1,0,27,40,D,9712,027040,027040,3,11
2.89497,6.851,289,289,1,0,27,41,D,9713,027041,027041,3,11
2.85975,6.80428,290,290,1,0,27,42,D,9714,027042,027042,3,11
3.87718,8.18263,522,522,1,0,43,26,D,9946,043026,043026,3,11
3.77395,8.03975,523,523,1,0,43,27,D,9947,043027,043027,3,11
3.67742,7.90698,524,524,1,0,43,28,D,9948,043028,043028,3,11
3.58953,7.7865,525,525,1,0,43,29,D,9949,043029,043029,3,11
3.50501,7.67126,526,526,1,0,43,30,D,9950,043030,043030,3,11
3.42917,7.56808,527,527,1,0,43,31,D,9951,043031,043031,3,11
3.35671,7.46979,528,528,1,0,43,32,D,9952,043032,043032,3,11
3.28946,7.37895,529,529,1,0,43,33,D,9953,043033,043033,3,11
3.22665,7.2943,530,530,1,0,43,34,D,9954,043034,043034,3,11
3.16928,7.21728,531,531,1,0,43,35,D,9955,043035,043035,3,11
3.11447,7.1438,532,532,1,0,43,36,D,9956,043036,043036,3,11
5.09703,9.9382,762,762,1,0,59,18,D,10186,059018,059018,3,11
4.89436,9.63686,763,763,1,0,59,19,D,10187,059019,059019,3,11
4.70892,9.36486,764,764,1,0,59,20,D,10188,059020,059020,3,11
7.74491,14.25878,1002,1002,1,0,75,10,D,10426,075010,075010,3,11
7.26874,13.43331,1003,1003,1,0,75,11,D,10427,075011,075011,3,11
6.84827,12.71938,1004,1004,1,0,75,12,D,10428,075012,075012,3,11
6.47224,12.09544,1005,1005,1,0,75,13,D,10429,075013,075013,3,11
6.13738,11.55188,1006,1006,1,0,75,14,D,10430,075014,075014,3,11
5.83598,11.07248,1007,1007,1,0,75,15,D,10431,075015,075015,3,11
5.56414,10.6484,1008,1008,1,0,75,16,D,10432,075016,075016,3,11
5.31884,10.27265,1009,1009,1,0,75,17,D,10433,075017,075017,3,11
5.09703,9.9382,1010,1010,1,0,75,18,D,10434,075018,075018,3,11
4.53992,9.11979,1013,1013,1,0,75,21,D,10437,075021,075021,3,11
4.3847,8.89691,1014,1014,1,0,75,22,D,10438,075022,075022,3,11
2.67874,6.56496,1289,1289,1,0,100,49,D,7241,100049,100049,3,11
2.66238,6.54349,1290,1290,1,0,100,50,D,7242,100050,100050,3,11
2.64625,6.52229,1291,1291,1,0,100,51,D,7243,100051,100051,3,11
3.50551,7.67184,278,278,1,0,18,30,D,13174,018030,018030,4,12
3.42827,7.56683,279,279,1,0,18,31,D,13175,018031,018031,4,12
3.35644,7.46952,280,280,1,0,18,32,D,13176,018032,018032,4,12
3.28943,7.37898,281,281,1,0,18,33,D,13177,018033,018033,4,12
3.22725,7.29513,282,282,1,0,18,34,D,13178,018034,018034,4,12
3.16913,7.21705,283,283,1,0,18,35,D,13179,018035,018035,4,12
3.11486,7.14428,284,284,1,0,18,36,D,13180,018036,018036,4,12
3.06441,7.07675,285,285,1,0,18,37,D,13181,018037,018037,4,12
3.01759,7.01419,286,286,1,0,18,38,D,13182,018038,018038,4,12
2.97367,6.95566,287,287,1,0,18,39,D,13183,018039,018039,4,12
2.93279,6.90128,288,288,1,0,18,40,D,13184,018040,018040,4,12
3.87867,8.18461,522,522,1,0,34,26,D,13418,034026,034026,4,12
3.77338,8.0391,523,523,1,0,34,27,D,13419,034027,034027,4,12
3.67742,7.90698,524,524,1,0,34,28,D,13420,034028,034028,4,12
3.58803,7.78452,525,525,1,0,34,29,D,13421,034029,034029,4,12
3.5056,7.67191,526,526,1,0,34,30,D,13422,034030,034030,4,12
3.42826,7.56676,527,527,1,0,34,31,D,13423,034031,034031,4,12
3.35611,7.46912,528,528,1,0,34,32,D,13424,034032,034032,4,12
3.28886,7.37824,529,529,1,0,34,33,D,13425,034033,034033,4,12
3.22755,7.29556,530,530,1,0,34,34,D,13426,034034,034034,4,12
3.16928,7.2173,531,531,1,0,34,35,D,13427,034035,034035,4,12
3.11598,7.14578,532,532,1,0,34,36,D,13428,034036,034036,4,12
3.06508,7.07759,533,533,1,0,34,37,D,13429,034037,034037,4,12
6.13638,11.550230000000001,1006,1006,1,0,66,14,D,13902,066014,066014,4,12
5.83553,11.07218,1007,1007,1,0,66,15,D,13903,066015,066015,4,12
5.56414,10.6484,1008,1008,1,0,66,16,D,13904,066016,066016,4,12
5.31834,10.27148,1009,1009,1,0,66,17,D,13905,066017,066017,4,12
5.09607,9.93669,1010,1010,1,0,66,18,D,13906,066018,066018,4,12
2.76809,6.68293,1037,1037,1,0,66,45,D,13933,066045,066045,4,12
8.28216,15.21134,1249,1249,1,0,82,9,D,14145,082009,082009,4,12
7.74491,14.25878,1250,1250,1,0,82,10,D,14146,082010,082010,4,12
7.27013,13.43529,1251,1251,1,0,82,11,D,14147,082011,082011,4,12
6.84827,12.71943,1252,1252,1,0,82,12,D,14148,082012,082012,4,12
3.87782,8.1835,274,274,1,0,25,26,D,16890,025026,025026,5,13
3.77394,8.03983,275,275,1,0,25,27,D,16891,025027,025027,5,13
3.67783,7.9075,276,276,1,0,25,28,D,16892,025028,025028,5,13
3.58842,7.78504,277,277,1,0,25,29,D,16893,025029,025029,5,13
3.50545,7.67177,278,278,1,0,25,30,D,16894,025030,025030,5,13
3.42827,7.56683,279,279,1,0,25,31,D,16895,025031,025031,5,13
3.35638,7.46945,280,280,1,0,25,32,D,16896,025032,025032,5,13
3.28952,7.37911,281,281,1,0,25,33,D,16897,025033,025033,5,13
3.22734,7.29526,282,282,1,0,25,34,D,16898,025034,025034,5,13
3.16904,7.21692,283,283,1,0,25,35,D,16899,025035,025035,5,13
3.11495,7.14441,284,284,1,0,25,36,D,16900,025036,025036,5,13
3.06447,7.07683,285,285,1,0,25,37,D,16901,025037,025037,5,13
3.0175,7.01407,286,286,1,0,25,38,D,16902,025038,025038,5,13
2.97367,6.95566,287,287,1,0,25,39,D,16903,025039,025039,5,13
2.93276,6.90123,288,288,1,0,25,40,D,16904,025040,025040,5,13
3.87718,8.18263,522,522,1,0,41,26,D,17138,041026,041026,5,13
3.77395,8.03975,523,523,1,0,41,27,D,17139,041027,041027,5,13
3.67799,7.9076,524,524,1,0,41,28,D,17140,041028,041028,5,13
3.58895,7.78582,525,525,1,0,41,29,D,17141,041029,041029,5,13
3.5056,7.67191,526,526,1,0,41,30,D,17142,041030,041030,5,13
3.42917,7.56808,527,527,1,0,41,31,D,17143,041031,041031,5,13
3.35671,7.46979,528,528,1,0,41,32,D,17144,041032,041032,5,13
3.28946,7.37895,529,529,1,0,41,33,D,17145,041033,041033,5,13
3.16838,7.21602,531,531,1,0,41,35,D,17147,041035,041035,5,13
3.11508,7.14451,532,532,1,0,41,36,D,17148,041036,041036,5,13
3.06446,7.07686,533,533,1,0,41,37,D,17149,041037,041037,5,13
4.8934,9.63538,763,763,1,0,57,19,D,17379,057019,057019,5,13
4.70892,9.36486,764,764,1,0,57,20,D,17380,057020,057020,5,13
4.53992,9.11979,765,765,1,0,57,21,D,17381,057021,057021,5,13
7.74459,14.25861,1002,1002,1,0,73,10,D,17618,073010,073010,5,13
7.26874,13.43331,1003,1003,1,0,73,11,D,17619,073011,073011,5,13
6.84725,12.71765,1004,1004,1,0,73,12,D,17620,073012,073012,5,13
6.47224,12.09544,1005,1005,1,0,73,13,D,17621,073013,073013,5,13
6.13738,11.55188,1006,1006,1,0,73,14,D,17622,073014,073014,5,13
5.83499,11.07087,1007,1007,1,0,73,15,D,17623,073015,073015,5,13
5.56368,10.648,1008,1008,1,0,73,16,D,17624,073016,073016,5,13
5.31932,10.27303,1009,1009,1,0,73,17,D,17625,073017,073017,5,13
5.09607,9.93669,1010,1010,1,0,73,18,D,17626,073018,073018,5,13
4.8934,9.63538,1011,1011,1,0,73,19,D,17627,073019,073019,5,13
4.70892,9.36486,1012,1012,1,0,73,20,D,17628,073020,073020,5,13
4.53992,9.11979,1013,1013,1,0,73,21,D,17629,073021,073021,5,13
4.38416,8.89635,1014,1014,1,0,73,22,D,17630,073022,073022,5,13
3.58842,7.78504,29,29,1,0,16,29,D,20365,016029,016029,6,14
3.50545,7.67177,30,30,1,0,16,30,D,20366,016030,016030,6,14
3.42827,7.56683,31,31,1,0,16,31,D,20367,016031,016031,6,14
3.35638,7.46945,32,32,1,0,16,32,D,20368,016032,016032,6,14
3.28943,7.37898,33,33,1,0,16,33,D,20369,016033,016033,6,14
3.22731,7.2952,34,34,1,0,16,34,D,20370,016034,016034,6,14
3.16898,7.21685,35,35,1,0,16,35,D,20371,016035,016035,6,14
3.11486,7.14428,36,36,1,0,16,36,D,20372,016036,016036,6,14
3.06447,7.07683,37,37,1,0,16,37,D,20373,016037,016037,6,14
3.01744,7.014,38,38,1,0,16,38,D,20374,016038,016038,6,14
2.97367,6.95566,39,39,1,0,16,39,D,20375,016039,016039,6,14
2.93285,6.90135,40,40,1,0,16,40,D,20376,016040,016040,6,14
2.89497,6.851,41,41,1,0,16,41,D,20377,016041,016041,6,14
2.85973,6.8042299999999996,42,42,1,0,16,42,D,20378,016042,016042,6,14
2.8272,6.76111,43,43,1,0,16,43,D,20379,016043,016043,6,14
3.87841,8.1843,274,274,1,0,32,26,D,20610,032026,032026,6,14
3.77416,8.04016,275,275,1,0,32,27,D,20611,032027,032027,6,14
3.67738,7.90691,276,276,1,0,32,28,D,20612,032028,032028,6,14
3.58831,7.78492,277,277,1,0,32,29,D,20613,032029,032029,6,14
3.50501,7.67122,278,278,1,0,32,30,D,20614,032030,032030,6,14
3.42826,7.56676,279,279,1,0,32,31,D,20615,032031,032031,6,14
3.35611,7.46912,280,280,1,0,32,32,D,20616,032032,032032,6,14
3.28976,7.37954,281,281,1,0,32,33,D,20617,032033,032033,6,14
3.22755,7.29556,282,282,1,0,32,34,D,20618,032034,032034,6,14
3.16988,7.218,283,283,1,0,32,35,D,20619,032035,032035,6,14
3.11447,7.1438,284,284,1,0,32,36,D,20620,032036,032036,6,14
3.06508,7.07759,285,285,1,0,32,37,D,20621,032037,032037,6,14
3.87867,8.18461,522,522,1,0,48,26,D,20858,048026,048026,6,14
3.7743,8.04047,523,523,1,0,48,27,D,20859,048027,048027,6,14
3.67742,7.90698,524,524,1,0,48,28,D,20860,048028,048028,6,14
5.83553,11.07218,759,759,1,0,64,15,D,21095,064015,064015,6,14
5.56414,10.6484,760,760,1,0,64,16,D,21096,064016,064016,6,14
5.31932,10.27308,761,761,1,0,64,17,D,21097,064017,064017,6,14
5.09607,9.93669,762,762,1,0,64,18,D,21098,064018,064018,6,14
2.76872,6.68369,789,789,1,0,64,45,D,21125,064045,064045,6,14
2.74381,6.65087,790,790,1,0,64,46,D,21126,064046,064046,6,14
7.74491,14.25878,1002,1002,1,0,80,10,D,21338,080010,080010,6,14
7.27013,13.43529,1003,1003,1,0,80,11,D,21339,080011,080011,6,14
6.84827,12.71943,1004,1004,1,0,80,12,D,21340,080012,080012,6,14
6.47366,12.09742,1005,1005,1,0,80,13,D,21341,080013,080013,6,14
6.13638,11.550230000000001,1006,1006,1,0,80,14,D,21342,080014,080014,6,14
5.31834,10.27148,1009,1009,1,0,80,17,D,21345,080017,080017,6,14
3.77403,8.03996,275,275,1,0,23,27,D,24083,023027,023027,7,15
3.67789,7.90757,276,276,1,0,23,28,D,24084,023028,023028,7,15
3.58842,7.78504,277,277,1,0,23,29,D,24085,023029,023029,7,15
3.50554,7.67191,278,278,1,0,23,30,D,24086,023030,023030,7,15
3.42827,7.56683,279,279,1,0,23,31,D,24087,023031,023031,7,15
3.35629,7.46932,280,280,1,0,23,32,D,24088,023032,023032,7,15
3.28943,7.37898,281,281,1,0,23,33,D,24089,023033,023033,7,15
3.22725,7.29513,282,282,1,0,23,34,D,24090,023034,023034,7,15
3.16913,7.21705,283,283,1,0,23,35,D,24091,023035,023035,7,15
3.11501,7.14448,284,284,1,0,23,36,D,24092,023036,023036,7,15
3.0645,7.07688,285,285,1,0,23,37,D,24093,023037,023037,7,15
3.0175,7.01407,286,286,1,0,23,38,D,24094,023038,023038,7,15
2.97367,6.95566,287,287,1,0,23,39,D,24095,023039,023039,7,15
2.93285,6.90135,288,288,1,0,23,40,D,24096,023040,023040,7,15
3.87718,8.18263,522,522,1,0,39,26,D,24330,039026,039026,7,15
3.77338,8.0391,523,523,1,0,39,27,D,24331,039027,039027,7,15
3.67799,7.9076,524,524,1,0,39,28,D,24332,039028,039028,7,15
3.58803,7.78452,525,525,1,0,39,29,D,24333,039029,039029,7,15
3.5056,7.67191,526,526,1,0,39,30,D,24334,039030,039030,7,15
3.42767,7.5661,527,527,1,0,39,31,D,24335,039031,039031,7,15
3.35671,7.46979,528,528,1,0,39,32,D,24336,039032,039032,7,15
3.28886,7.37824,529,529,1,0,39,33,D,24337,039033,039033,7,15
3.22755,7.29559,530,530,1,0,39,34,D,24338,039034,039034,7,15
3.16838,7.21602,531,531,1,0,39,35,D,24339,039035,039035,7,15
3.11508,7.14451,532,532,1,0,39,36,D,24340,039036,039036,7,15
3.06446,7.07686,533,533,1,0,39,37,D,24341,039037,039037,7,15
4.70892,9.36486,764,764,1,0,55,20,D,24572,055020,055020,7,15
4.53992,9.11979,765,765,1,0,55,21,D,24573,055021,055021,7,15
4.38416,8.89635,766,766,1,0,55,22,D,24574,055022,055022,7,15
7.74563,14.26046,1002,1002,1,0,71,10,D,24810,071010,071010,7,15
7.2691,13.43347,1003,1003,1,0,71,11,D,24811,071011,071011,7,15
6.47224,12.09544,1005,1005,1,0,71,13,D,24813,071013,071013,7,15
6.13738,11.55188,1006,1006,1,0,71,14,D,24814,071014,071014,7,15
5.83598,11.07254,1007,1007,1,0,71,15,D,24815,071015,071015,7,15
5.56466,10.64963,1008,1008,1,0,71,16,D,24816,071016,071016,7,15
5.31932,10.27303,1009,1009,1,0,71,17,D,24817,071017,071017,7,15
5.09607,9.93669,1010,1010,1,0,71,18,D,24818,071018,071018,7,15
4.8934,9.63538,1011,1011,1,0,71,19,D,24819,071019,071019,7,15
4.70892,9.36486,1012,1012,1,0,71,20,D,24820,071020,071020,7,15
3.58842,7.78504,29,29,1,0,14,29,D,27557,014029,014029,8,16
3.50545,7.67177,30,30,1,0,14,30,D,27558,014030,014030,8,16
3.42827,7.56683,31,31,1,0,14,31,D,27559,014031,014031,8,16
3.35629,7.46932,32,32,1,0,14,32,D,27560,014032,014032,8,16
3.28952,7.37911,33,33,1,0,14,33,D,27561,014033,014033,8,16
3.22725,7.29513,34,34,1,0,14,34,D,27562,014034,014034,8,16
3.16904,7.21692,35,35,1,0,14,35,D,27563,014035,014035,8,16
3.11501,7.14448,36,36,1,0,14,36,D,27564,014036,014036,8,16
3.87785,8.18358,274,274,1,0,30,26,D,27802,030026,030026,8,16
3.77403,8.03996,275,275,1,0,30,27,D,27803,030027,030027,8,16
3.67783,7.9075,276,276,1,0,30,28,D,27804,030028,030028,8,16
3.58842,7.78504,277,277,1,0,30,29,D,27805,030029,030029,8,16
3.50591,7.67242,278,278,1,0,30,30,D,27806,030030,030030,8,16
3.42851,7.56716,279,279,1,0,30,31,D,27807,030031,030031,8,16
3.35635,7.46939,280,280,1,0,30,32,D,27808,030032,030032,8,16
3.28985,7.37956,281,281,1,0,30,33,D,27809,030033,030033,8,16
3.22689,7.29463,282,282,1,0,30,34,D,27810,030034,030034,8,16
3.16979,7.21787,283,283,1,0,30,35,D,27811,030035,030035,8,16
3.11447,7.1438,284,284,1,0,30,36,D,27812,030036,030036,8,16
3.06446,7.07686,285,285,1,0,30,37,D,27813,030037,030037,8,16
3.01844,7.01528,286,286,1,0,30,38,D,27814,030038,030038,8,16
3.87718,8.18263,522,522,1,0,46,26,D,28050,046026,046026,8,16
3.77487,8.04108,523,523,1,0,46,27,D,28051,046027,046027,8,16
3.67742,7.90698,524,524,1,0,46,28,D,28052,046028,046028,8,16
3.58803,7.78452,525,525,1,0,46,29,D,28053,046029,046029,8,16
3.50592,7.67255,526,526,1,0,46,30,D,28054,046030,046030,8,16
3.42826,7.56676,527,527,1,0,46,31,D,28055,046031,046031,8,16
3.35611,7.46912,528,528,1,0,46,32,D,28056,046032,046032,8,16
3.29036,7.38022,529,529,1,0,46,33,D,28057,046033,046033,8,16
5.09607,9.93669,762,762,1,0,62,18,D,28290,062018,062018,8,16
2.74381,6.65087,790,790,1,0,62,46,D,28318,062046,062046,8,16
7.74491,14.25878,1002,1002,1,0,78,10,D,28530,078010,078010,8,16
7.27013,13.43529,1003,1003,1,0,78,11,D,28531,078011,078011,8,16
6.84827,12.71943,1004,1004,1,0,78,12,D,28532,078012,078012,8,16
6.47325,12.09713,1005,1005,1,0,78,13,D,28533,078013,078013,8,16
5.83553,11.07218,1007,1007,1,0,78,15,D,28535,078015,078015,8,16
5.56414,10.6484,1008,1008,1,0,78,16,D,28536,078016,078016,8,16
5.31932,10.27308,1009,1009,1,0,78,17,D,28537,078017,078017,8,16
5.09607,9.93669,1010,1010,1,0,78,18,D,28538,078018,078018,8,16
2.72015,6.61959,47,47,1,0,5,47,D,31047,005047,005047,9,1
2.69882,6.59144,48,48,1,0,5,48,D,31048,005048,005048,9,1
3.6778,7.90743,276,276,1,0,21,28,D,31276,021028,021028,9,1
3.58842,7.78504,277,277,1,0,21,29,D,31277,021029,021029,9,1
3.50545,7.67177,278,278,1,0,21,30,D,31278,021030,021030,9,1
3.42827,7.56683,279,279,1,0,21,31,D,31279,021031,021031,9,1
3.35644,7.46952,280,280,1,0,21,32,D,31280,021032,021032,9,1
3.28943,7.37898,281,281,1,0,21,33,D,31281,021033,021033,9,1
3.22731,7.2952,282,282,1,0,21,34,D,31282,021034,021034,9,1
3.16907,7.21698,283,283,1,0,21,35,D,31283,021035,021035,9,1
3.11486,7.14428,284,284,1,0,21,36,D,31284,021036,021036,9,1
3.06441,7.07675,285,285,1,0,21,37,D,31285,021037,021037,9,1
3.01753,7.01412,286,286,1,0,21,38,D,31286,021038,021038,9,1
2.97367,6.95566,287,287,1,0,21,39,D,31287,021039,021039,9,1
2.93279,6.90128,288,288,1,0,21,40,D,31288,021040,021040,9,1
3.87811,8.18402,522,522,1,0,37,26,D,31522,037026,037026,9,1
3.77338,8.0391,523,523,1,0,37,27,D,31523,037027,037027,9,1
3.67891,7.90896,524,524,1,0,37,28,D,31524,037028,037028,9,1
3.58803,7.78452,525,525,1,0,37,29,D,31525,037029,037029,9,1
3.5056,7.67191,526,526,1,0,37,30,D,31526,037030,037030,9,1
3.42767,7.5661,527,527,1,0,37,31,D,31527,037031,037031,9,1
3.35702,7.4704,528,528,1,0,37,32,D,31528,037032,037032,9,1
3.28886,7.37824,529,529,1,0,37,33,D,31529,037033,037033,9,1
3.22816,7.29628,530,530,1,0,37,34,D,31530,037034,037034,9,1
3.16838,7.21602,531,531,1,0,37,35,D,31531,037035,037035,9,1
3.11508,7.14451,532,532,1,0,37,36,D,31532,037036,037036,9,1
3.06357,7.07561,533,533,1,0,37,37,D,31533,037037,037037,9,1
4.53992,9.11979,765,765,1,0,53,21,D,31765,053021,053021,9,1
4.38416,8.89635,766,766,1,0,53,22,D,31766,053022,053022,9,1
7.2691,13.43347,1003,1003,1,0,69,11,D,32003,069011,069011,9,1
6.47265,12.09568,1005,1005,1,0,69,13,D,32005,069013,069013,9,1
6.13738,11.55188,1006,1006,1,0,69,14,D,32006,069014,069014,9,1
5.83553,11.07218,1007,1007,1,0,69,15,D,32007,069015,069015,9,1
5.56512,10.64998,1008,1008,1,0,69,16,D,32008,069016,069016,9,1
5.31932,10.27303,1009,1009,1,0,69,17,D,32009,069017,069017,9,1
5.09607,9.93669,1010,1010,1,0,69,18,D,32010,069018,069018,9,1
4.8934,9.63538,1011,1011,1,0,69,19,D,32011,069019,069019,9,1
4.70892,9.36486,1012,1012,1,0,69,20,D,32012,069020,069020,9,1
4.11145,11.67227,1264,1264,2,0,85,24,D,32264,085024,085024,9,1
3.77398,8.0399,27,27,1,0,12,27,D,34747,012027,012027,10,2
3.67789,7.90757,28,28,1,0,12,28,D,34748,012028,012028,10,2
3.58842,7.78504,29,29,1,0,12,29,D,34749,012029,012029,10,2
3.5056,7.67197,30,30,1,0,12,30,D,34750,012030,012030,10,2
3.42827,7.56683,31,31,1,0,12,31,D,34751,012031,012031,10,2
3.35644,7.46952,32,32,1,0,12,32,D,34752,012032,012032,10,2
3.87782,8.1835,274,274,1,0,28,26,D,34994,028026,028026,10,2
3.77394,8.03983,275,275,1,0,28,27,D,34995,028027,028027,10,2
3.67783,7.9075,276,276,1,0,28,28,D,34996,028028,028028,10,2
3.58842,7.78504,277,277,1,0,28,29,D,34997,028029,028029,10,2
3.50545,7.67177,278,278,1,0,28,30,D,34998,028030,028030,10,2
3.42827,7.56683,279,279,1,0,28,31,D,34999,028031,028031,10,2
3.35629,7.46932,280,280,1,0,28,32,D,35000,028032,028032,10,2
3.28952,7.37911,281,281,1,0,28,33,D,35001,028033,028033,10,2
3.22725,7.29513,282,282,1,0,28,34,D,35002,028034,028034,10,2
3.16904,7.21692,283,283,1,0,28,35,D,35003,028035,028035,10,2
3.11501,7.14448,284,284,1,0,28,36,D,35004,028036,028036,10,2
3.0645,7.07688,285,285,1,0,28,37,D,35005,028037,028037,10,2
3.01795,7.01469,286,286,1,0,28,38,D,35006,028038,028038,10,2
2.97369,6.95573,287,287,1,0,28,39,D,35007,028039,028039,10,2
2.93267,6.90111,288,288,1,0,28,40,D,35008,028040,028040,10,2
2.89474,6.85066,289,289,1,0,28,41,D,35009,028041,028041,10,2
3.87718,8.18263,522,522,1,0,44,26,D,35242,044026,044026,10,2
3.77487,8.04108,523,523,1,0,44,27,D,35243,044027,044027,10,2
3.67742,7.90698,524,524,1,0,44,28,D,35244,044028,044028,10,2
3.58953,7.7865,525,525,1,0,44,29,D,35245,044029,044029,10,2
3.50501,7.67126,526,526,1,0,44,30,D,35246,044030,044030,10,2
3.42826,7.56676,527,527,1,0,44,31,D,35247,044031,044031,10,2
3.35611,7.46912,528,528,1,0,44,32,D,35248,044032,044032,10,2
3.28946,7.37895,529,529,1,0,44,33,D,35249,044033,044033,10,2
3.22665,7.2943,530,530,1,0,44,34,D,35250,044034,044034,10,2
3.16928,7.21728,531,531,1,0,44,35,D,35251,044035,044035,10,2
5.09654,9.9378,762,762,1,0,60,18,D,35482,060018,060018,10,2
4.89436,9.63686,763,763,1,0,60,19,D,35483,060019,060019,10,2
7.74491,14.25878,1002,1002,1,0,76,10,D,35722,076010,076010,10,2
7.26977,13.43508,1003,1003,1,0,76,11,D,35723,076011,076011,10,2
6.84788,12.71918,1004,1004,1,0,76,12,D,35724,076012,076012,10,2
6.47325,12.09713,1005,1005,1,0,76,13,D,35725,076013,076013,10,2
6.13738,11.55188,1006,1006,1,0,76,14,D,35726,076014,076014,10,2
5.83598,11.07248,1007,1007,1,0,76,15,D,35727,076015,076015,10,2
5.56414,10.6484,1008,1008,1,0,76,16,D,35728,076016,076016,10,2
5.31932,10.27308,1009,1009,1,0,76,17,D,35729,076017,076017,10,2
2.64625,6.52229,1291,1291,1,0,101,51,D,32539,101051,101051,10,2
2.69884,6.59148,48,48,1,0,3,48,D,38240,003048,003048,11,3
3.58842,7.78504,277,277,1,0,19,29,D,38469,019029,019029,11,3
3.50545,7.67177,278,278,1,0,19,30,D,38470,019030,019030,11,3
3.42827,7.56683,279,279,1,0,19,31,D,38471,019031,019031,11,3
3.35638,7.46945,280,280,1,0,19,32,D,38472,019032,019032,11,3
3.28943,7.37898,281,281,1,0,19,33,D,38473,019033,019033,11,3
3.2274,7.29533,282,282,1,0,19,34,D,38474,019034,019034,11,3
3.16898,7.21685,283,283,1,0,19,35,D,38475,019035,019035,11,3
3.11486,7.14428,284,284,1,0,19,36,D,38476,019036,019036,11,3
3.06447,7.07683,285,285,1,0,19,37,D,38477,019037,019037,11,3
3.01744,7.014,286,286,1,0,19,38,D,38478,019038,019038,11,3
2.97367,6.95566,287,287,1,0,19,39,D,38479,019039,019039,11,3
3.87867,8.18461,522,522,1,0,35,26,D,38714,035026,035026,11,3
3.77338,8.0391,523,523,1,0,35,27,D,38715,035027,035027,11,3
3.67799,7.90764,524,524,1,0,35,28,D,38716,035028,035028,11,3
3.58803,7.78452,525,525,1,0,35,29,D,38717,035029,035029,11,3
3.5056,7.67191,526,526,1,0,35,30,D,38718,035030,035030,11,3
3.42767,7.5661,527,527,1,0,35,31,D,38719,035031,035031,11,3
3.35611,7.46912,528,528,1,0,35,32,D,38720,035032,035032,11,3
3.28886,7.37824,529,529,1,0,35,33,D,38721,035033,035033,11,3
3.22755,7.29556,530,530,1,0,35,34,D,38722,035034,035034,11,3
3.16928,7.2173,531,531,1,0,35,35,D,38723,035035,035035,11,3
3.11598,7.14578,532,532,1,0,35,36,D,38724,035036,035036,11,3
3.06508,7.07759,533,533,1,0,35,37,D,38725,035037,035037,11,3
3.01782,7.01455,534,534,1,0,35,38,D,38726,035038,035038,11,3
7.27013,13.43529,1003,1003,1,0,67,11,D,39195,067011,067011,11,3
6.47265,12.09568,1005,1005,1,0,67,13,D,39197,067013,067013,11,3
6.13638,11.550230000000001,1006,1006,1,0,67,14,D,39198,067014,067014,11,3
5.83553,11.07218,1007,1007,1,0,67,15,D,39199,067015,067015,11,3
5.56414,10.6484,1008,1008,1,0,67,16,D,39200,067016,067016,11,3
5.31932,10.27303,1009,1009,1,0,67,17,D,39201,067017,067017,11,3
5.09607,9.93669,1010,1010,1,0,67,18,D,39202,067018,067018,11,3
7.74491,14.25878,1250,1250,1,0,83,10,D,39442,083010,083010,11,3
7.27013,13.43529,1251,1251,1,0,83,11,D,39443,083011,083011,11,3
3.6778,7.90743,28,28,1,0,10,28,D,41940,010028,010028,12,4
3.58842,7.78504,29,29,1,0,10,29,D,41941,010029,010029,12,4
3.50545,7.67177,30,30,1,0,10,30,D,41942,010030,010030,12,4
3.87776,8.18344,274,274,1,0,26,26,D,42186,026026,026026,12,4
3.77398,8.0399,275,275,1,0,26,27,D,42187,026027,026027,12,4
3.67789,7.90757,276,276,1,0,26,28,D,42188,026028,026028,12,4
3.58842,7.78504,277,277,1,0,26,29,D,42189,026029,026029,12,4
3.50554,7.67191,278,278,1,0,26,30,D,42190,026030,026030,12,4
3.42827,7.56683,279,279,1,0,26,31,D,42191,026031,026031,12,4
3.35635,7.46939,280,280,1,0,26,32,D,42192,026032,026032,12,4
3.28937,7.37891,281,281,1,0,26,33,D,42193,026033,026033,12,4
3.22725,7.29513,282,282,1,0,26,34,D,42194,026034,026034,12,4
3.16913,7.21705,283,283,1,0,26,35,D,42195,026035,026035,12,4
3.11501,7.14448,284,284,1,0,26,36,D,42196,026036,026036,12,4
3.0645,7.07688,285,285,1,0,26,37,D,42197,026037,026037,12,4
3.01759,7.01419,286,286,1,0,26,38,D,42198,026038,026038,12,4
2.97367,6.95566,287,287,1,0,26,39,D,42199,026039,026039,12,4
2.93285,6.90135,288,288,1,0,26,40,D,42200,026040,026040,12,4
2.89506,6.85112,289,289,1,0,26,41,D,42201,026041,026041,12,4
2.85981,6.80436,290,290,1,0,26,42,D,42202,026042,026042,12,4
3.87718,8.18263,522,522,1,0,42,26,D,42434,042026,042026,12,4
3.77395,8.03975,523,523,1,0,42,27,D,42435,042027,042027,12,4
3.67742,7.90698,524,524,1,0,42,28,D,42436,042028,042028,12,4
3.58895,7.78582,525,525,1,0,42,29,D,42437,042029,042029,12,4
3.5056,7.67191,526,526,1,0,42,30,D,42438,042030,042030,12,4
3.42917,7.56808,527,527,1,0,42,31,D,42439,042031,042031,12,4
3.35671,7.46979,528,528,1,0,42,32,D,42440,042032,042032,12,4
3.28946,7.37895,529,529,1,0,42,33,D,42441,042033,042033,12,4
3.22665,7.2943,530,530,1,0,42,34,D,42442,042034,042034,12,4
3.16928,7.21728,531,531,1,0,42,35,D,42443,042035,042035,12,4
3.11447,7.1438,532,532,1,0,42,36,D,42444,042036,042036,12,4
5.09703,9.9382,762,762,1,0,58,18,D,42674,058018,058018,12,4
4.8934,9.63538,763,763,1,0,58,19,D,42675,058019,058019,12,4
4.70892,9.36486,764,764,1,0,58,20,D,42676,058020,058020,12,4
7.74459,14.25861,1002,1002,1,0,74,10,D,42914,074010,074010,12,4
7.26874,13.43331,1003,1003,1,0,74,11,D,42915,074011,074011,12,4
6.84827,12.71938,1004,1004,1,0,74,12,D,42916,074012,074012,12,4
6.47224,12.09544,1005,1005,1,0,74,13,D,42917,074013,074013,12,4
6.13738,11.55188,1006,1006,1,0,74,14,D,42918,074014,074014,12,4
5.83499,11.07087,1007,1007,1,0,74,15,D,42919,074015,074015,12,4
5.56414,10.6484,1008,1008,1,0,74,16,D,42920,074016,074016,12,4
5.31884,10.27265,1009,1009,1,0,74,17,D,42921,074017,074017,12,4
5.09703,9.9382,1010,1010,1,0,74,18,D,42922,074018,074018,12,4
4.8934,9.63538,1011,1011,1,0,74,19,D,42923,074019,074019,12,4
4.53992,9.11979,1013,1013,1,0,74,21,D,42925,074021,074021,12,4
4.38416,8.89635,1014,1014,1,0,74,22,D,42926,074022,074022,12,4
3.50554,7.67191,278,278,1,0,17,30,D,45662,017030,017030,13,5
3.42821,7.56676,279,279,1,0,17,31,D,45663,017031,017031,13,5
3.35629,7.46932,280,280,1,0,17,32,D,45664,017032,017032,13,5
3.28952,7.37911,281,281,1,0,17,33,D,45665,017033,017033,13,5
3.22725,7.29513,282,282,1,0,17,34,D,45666,017034,017034,13,5
3.16904,7.21692,283,283,1,0,17,35,D,45667,017035,017035,13,5
3.11501,7.14448,284,284,1,0,17,36,D,45668,017036,017036,13,5
3.0645,7.07688,285,285,1,0,17,37,D,45669,017037,017037,13,5
3.0175,7.01407,286,286,1,0,17,38,D,45670,017038,017038,13,5
2.97367,6.95566,287,287,1,0,17,39,D,45671,017039,017039,13,5
2.93285,6.90135,288,288,1,0,17,40,D,45672,017040,017040,13,5
2.89491,6.85092,289,289,1,0,17,41,D,45673,017041,017041,13,5
2.8272,6.76111,291,291,1,0,17,43,D,45675,017043,017043,13,5
3.87858,8.18447,522,522,1,0,33,26,D,45906,033026,033026,13,5
3.7743,8.04047,523,523,1,0,33,27,D,45907,033027,033027,13,5
3.67742,7.90698,524,524,1,0,33,28,D,45908,033028,033028,13,5
3.58803,7.78452,525,525,1,0,33,29,D,45909,033029,033029,13,5
3.5056,7.67191,526,526,1,0,33,30,D,45910,033030,033030,13,5
3.42826,7.56676,527,527,1,0,33,31,D,45911,033031,033031,13,5
3.35611,7.46912,528,528,1,0,33,32,D,45912,033032,033032,13,5
3.28976,7.37954,529,529,1,0,33,33,D,45913,033033,033033,13,5
3.22755,7.29556,530,530,1,0,33,34,D,45914,033034,033034,13,5
3.16928,7.2173,531,531,1,0,33,35,D,45915,033035,033035,13,5
3.11598,7.14578,532,532,1,0,33,36,D,45916,033036,033036,13,5
3.06508,7.07759,533,533,1,0,33,37,D,45917,033037,033037,13,5
3.01782,7.01455,534,534,1,0,33,38,D,45918,033038,033038,13,5
6.13638,11.550230000000001,1006,1006,1,0,65,14,D,46390,065014,065014,13,5
5.83553,11.07218,1007,1007,1,0,65,15,D,46391,065015,065015,13,5
5.56414,10.6484,1008,1008,1,0,65,16,D,46392,065016,065016,13,5
5.31834,10.27148,1009,1009,1,0,65,17,D,46393,065017,065017,13,5
5.09607,9.93669,1010,1010,1,0,65,18,D,46394,065018,065018,13,5
2.76872,6.68369,1037,1037,1,0,65,45,D,46421,065045,065045,13,5
8.28187,15.21121,1249,1249,1,0,81,9,D,46633,081009,081009,13,5
7.74491,14.25878,1250,1250,1,0,81,10,D,46634,081010,081010,13,5
7.27013,13.43529,1251,1251,1,0,81,11,D,46635,081011,081011,13,5
6.84827,12.71943,1252,1252,1,0,81,12,D,46636,081012,081012,13,5
6.13638,11.550230000000001,1254,1254,1,0,81,14,D,46638,081014,081014,13,5
3.77398,8.0399,275,275,1,0,24,27,D,49379,024027,024027,14,6
3.67789,7.90757,276,276,1,0,24,28,D,49380,024028,024028,14,6
3.58842,7.78504,277,277,1,0,24,29,D,49381,024029,024029,14,6
3.50545,7.67177,278,278,1,0,24,30,D,49382,024030,024030,14,6
3.42827,7.56683,279,279,1,0,24,31,D,49383,024031,024031,14,6
3.35638,7.46945,280,280,1,0,24,32,D,49384,024032,024032,14,6
3.28943,7.37898,281,281,1,0,24,33,D,49385,024033,024033,14,6
3.22731,7.2952,282,282,1,0,24,34,D,49386,024034,024034,14,6
3.16907,7.21698,283,283,1,0,24,35,D,49387,024035,024035,14,6
3.11486,7.14428,284,284,1,0,24,36,D,49388,024036,024036,14,6
3.06441,7.07675,285,285,1,0,24,37,D,49389,024037,024037,14,6
3.01744,7.014,286,286,1,0,24,38,D,49390,024038,024038,14,6
2.97367,6.95566,287,287,1,0,24,39,D,49391,024039,024039,14,6
2.93285,6.90135,288,288,1,0,24,40,D,49392,024040,024040,14,6
3.87718,8.18263,522,522,1,0,40,26,D,49626,040026,040026,14,6
3.77395,8.03975,523,523,1,0,40,27,D,49627,040027,040027,14,6
3.67799,7.9076,524,524,1,0,40,28,D,49628,040028,040028,14,6
3.58803,7.78452,525,525,1,0,40,29,D,49629,040029,040029,14,6
3.5056,7.67191,526,526,1,0,40,30,D,49630,040030,040030,14,6
3.42826,7.56679,527,527,1,0,40,31,D,49631,040031,040031,14,6
3.35671,7.46979,528,528,1,0,40,32,D,49632,040032,040032,14,6
3.28946,7.37895,529,529,1,0,40,33,D,49633,040033,040033,14,6
3.22755,7.29559,530,530,1,0,40,34,D,49634,040034,040034,14,6
3.11508,7.14451,532,532,1,0,40,36,D,49636,040036,040036,14,6
3.06446,7.07686,533,533,1,0,40,37,D,49637,040037,040037,14,6
4.8934,9.63538,763,763,1,0,56,19,D,49867,056019,056019,14,6
4.70892,9.36486,764,764,1,0,56,20,D,49868,056020,056020,14,6
4.53992,9.11979,765,765,1,0,56,21,D,49869,056021,056021,14,6
4.38416,8.89635,766,766,1,0,56,22,D,49870,056022,056022,14,6
7.74459,14.25861,1002,1002,1,0,72,10,D,50106,072010,072010,14,6
7.2691,13.43347,1003,1003,1,0,72,11,D,50107,072011,072011,14,6
6.84725,12.71765,1004,1004,1,0,72,12,D,50108,072012,072012,14,6
6.47224,12.09544,1005,1005,1,0,72,13,D,50109,072013,072013,14,6
6.13738,11.55188,1006,1006,1,0,72,14,D,50110,072014,072014,14,6
5.83499,11.07087,1007,1007,1,0,72,15,D,50111,072015,072015,14,6
5.09607,9.93669,1010,1010,1,0,72,18,D,50114,072018,072018,14,6
4.8934,9.63538,1011,1011,1,0,72,19,D,50115,072019,072019,14,6
4.70892,9.36486,1012,1012,1,0,72,20,D,50116,072020,072020,14,6
4.53992,9.11979,1013,1013,1,0,72,21,D,50117,072021,072021,14,6
3.58833,7.78491,29,29,1,0,15,29,D,52853,015029,015029,15,7
3.50551,7.67184,30,30,1,0,15,30,D,52854,015030,015030,15,7
3.42827,7.56683,31,31,1,0,15,31,D,52855,015031,015031,15,7
3.35644,7.46952,32,32,1,0,15,32,D,52856,015032,015032,15,7
3.28943,7.37898,33,33,1,0,15,33,D,52857,015033,015033,15,7
3.22725,7.29513,34,34,1,0,15,34,D,52858,015034,015034,15,7
3.16913,7.21705,35,35,1,0,15,35,D,52859,015035,015035,15,7
3.11492,7.14435,36,36,1,0,15,36,D,52860,015036,015036,15,7
3.0645,7.07688,37,37,1,0,15,37,D,52861,015037,015037,15,7
2.93279,6.90128,40,40,1,0,15,40,D,52864,015040,015040,15,7
2.89506,6.85112,41,41,1,0,15,41,D,52865,015041,015041,15,7
2.85981,6.80436,42,42,1,0,15,42,D,52866,015042,015042,15,7
2.82726,6.76119,43,43,1,0,15,43,D,52867,015043,015043,15,7
3.87782,8.1835,274,274,1,0,31,26,D,53098,031026,031026,15,7
3.77422,8.04022,275,275,1,0,31,27,D,53099,031027,031027,15,7
3.67747,7.90704,276,276,1,0,31,28,D,53100,031028,031028,15,7
3.58863,7.78531,277,277,1,0,31,29,D,53101,031029,031029,15,7
3.50567,7.67215,278,278,1,0,31,30,D,53102,031030,031030,15,7
3.42836,7.56696,279,279,1,0,31,31,D,53103,031031,031031,15,7
3.35602,7.46899,280,280,1,0,31,32,D,53104,031032,031032,15,7
3.29036,7.38022,281,281,1,0,31,33,D,53105,031033,031033,15,7
3.22755,7.29556,282,282,1,0,31,34,D,53106,031034,031034,15,7
3.16988,7.218,283,283,1,0,31,35,D,53107,031035,031035,15,7
3.11447,7.1438,284,284,1,0,31,36,D,53108,031036,031036,15,7
3.06446,7.07686,285,285,1,0,31,37,D,53109,031037,031037,15,7
3.01844,7.01528,286,286,1,0,31,38,D,53110,031038,031038,15,7
2.9741,6.95617,287,287,1,0,31,39,D,53111,031039,031039,15,7
3.87811,8.18398,522,522,1,0,47,26,D,53346,047026,047026,15,7
3.7743,8.04047,523,523,1,0,47,27,D,53347,047027,047027,15,7
3.67742,7.90698,524,524,1,0,47,28,D,53348,047028,047028,15,7
3.58803,7.78452,525,525,1,0,47,29,D,53349,047029,047029,15,7
3.50592,7.67255,526,526,1,0,47,30,D,53350,047030,047030,15,7
3.42826,7.56676,527,527,1,0,47,31,D,53351,047031,047031,15,7
5.09607,9.93669,762,762,1,0,63,18,D,53586,063018,063018,15,7
2.74381,6.65087,790,790,1,0,63,46,D,53614,063046,063046,15,7
7.74491,14.25878,1002,1002,1,0,79,10,D,53826,079010,079010,15,7
7.27013,13.43529,1003,1003,1,0,79,11,D,53827,079011,079011,15,7
6.84827,12.71943,1004,1004,1,0,79,12,D,53828,079012,079012,15,7
6.47325,12.09713,1005,1005,1,0,79,13,D,53829,079013,079013,15,7
5.83553,11.07218,1007,1007,1,0,79,15,D,53831,079015,079015,15,7
5.56414,10.6484,1008,1008,1,0,79,16,D,53832,079016,079016,15,7
5.31932,10.27308,1009,1009,1,0,79,17,D,53833,079017,079017,15,7
3.77403,8.03996,275,275,1,0,22,27,D,56571,022027,022027,16,8
3.67783,7.9075,276,276,1,0,22,28,D,56572,022028,022028,16,8
3.58842,7.78504,277,277,1,0,22,29,D,56573,022029,022029,16,8
3.50545,7.67177,278,278,1,0,22,30,D,56574,022030,022030,16,8
3.42827,7.56683,279,279,1,0,22,31,D,56575,022031,022031,16,8
3.35638,7.46945,280,280,1,0,22,32,D,56576,022032,022032,16,8
3.28943,7.37898,281,281,1,0,22,33,D,56577,022033,022033,16,8
3.22734,7.29526,282,282,1,0,22,34,D,56578,022034,022034,16,8
3.16904,7.21692,283,283,1,0,22,35,D,56579,022035,022035,16,8
3.11486,7.14428,284,284,1,0,22,36,D,56580,022036,022036,16,8
3.06447,7.07683,285,285,1,0,22,37,D,56581,022037,022037,16,8
3.0175,7.01407,286,286,1,0,22,38,D,56582,022038,022038,16,8
2.97367,6.95566,287,287,1,0,22,39,D,56583,022039,022039,16,8
2.93285,6.90135,288,288,1,0,22,40,D,56584,022040,022040,16,8
3.87811,8.18402,522,522,1,0,38,26,D,56818,038026,038026,16,8
3.77338,8.0391,523,523,1,0,38,27,D,56819,038027,038027,16,8
3.67891,7.90896,524,524,1,0,38,28,D,56820,038028,038028,16,8
3.58803,7.78452,525,525,1,0,38,29,D,56821,038029,038029,16,8
3.5056,7.67191,526,526,1,0,38,30,D,56822,038030,038030,16,8
3.42767,7.5661,527,527,1,0,38,31,D,56823,038031,038031,16,8
3.35611,7.46909,528,528,1,0,38,32,D,56824,038032,038032,16,8
3.28886,7.37824,529,529,1,0,38,33,D,56825,038033,038033,16,8
3.22816,7.29628,530,530,1,0,38,34,D,56826,038034,038034,16,8
3.16838,7.21602,531,531,1,0,38,35,D,56827,038035,038035,16,8
3.11508,7.14451,532,532,1,0,38,36,D,56828,038036,038036,16,8
3.06446,7.07686,533,533,1,0,38,37,D,56829,038037,038037,16,8
4.53992,9.11979,765,765,1,0,54,21,D,57061,054021,054021,16,8
4.38416,8.89635,766,766,1,0,54,22,D,57062,054022,054022,16,8
7.2691,13.43347,1003,1003,1,0,70,11,D,57299,070011,070011,16,8
6.47265,12.09568,1005,1005,1,0,70,13,D,57301,070013,070013,16,8
6.13738,11.55188,1006,1006,1,0,70,14,D,57302,070014,070014,16,8
5.83598,11.07254,1007,1007,1,0,70,15,D,57303,070015,070015,16,8
5.56512,10.64998,1008,1008,1,0,70,16,D,57304,070016,070016,16,8
5.31932,10.27303,1009,1009,1,0,70,17,D,57305,070017,070017,16,8
5.09607,9.93669,1010,1010,1,0,70,18,D,57306,070018,070018,16,8
4.8934,9.63538,1011,1011,1,0,70,19,D,57307,070019,070019,16,8
4.70892,9.36486,1012,1012,1,0,70,20,D,57308,070020,070020,16,8
4.1109,8.50921,1264,1264,1,0,86,24,D,57560,086024,086024,16,8
